,accuracy,precision,recall,f1 score
AdaBoost,0.2775514826701884,0.8120607564955156,0.2775514826701884,0.34420595520173447
CatBoost,0.9517978623750365,0.9548182703328314,0.9517978623750365,0.952793826107916
Decision Tree,0.9752971482977318,0.9766219549752707,0.9752971482977318,0.9756799106186965
Gradient Boosting,0.9224650255685745,0.9262889573186307,0.9224650255685745,0.9237670365886202
Logistic Regression,0.7623792595095134,0.8293923860226727,0.7623792595095134,0.7824397746764686
Random Forest,0.9762684469970362,0.9776597991618616,0.9762684469970362,0.9766542693063717
XGBoost,0.9506595617254565,0.9538442582422502,0.9506595617254565,0.9517078126121653
